{
    "name": "蜜蜂属性",
    "icon": "productivebees:gene",
    "category": "productivebees:genetics",
    "pages": [
        {
            "type": "patchouli:text",
            "text": "把分离出来的基因与蜂蜜小食合成，再喂给蜜蜂，即可将蜜蜂的属性从一只转移到另一只。$(br)请参阅有关$(l:genetics/collecting#crystalline)收集基因$(/l)的页面。"
        },
        {
            "type": "patchouli:text",
            "title": "产量",
            "text": "产量较高的蜜蜂每次授粉会产生更多的蜜脾。$(br2)产量水平分为：$(br)正常$(br)中$(br)高$(br)很高"
        },
        {
            "type": "patchouli:text",
            "title": "气候耐受度",
            "text": "通常，蜜蜂会在下雨和雷暴时回到安全的蜂巢中。可以在恶劣天气下将蜜蜂拴在外面，从而使它们对恶劣的天气条件产生耐受性。但要注意，在它们变得耐受之前，它们有受到伤害和死亡的风险，所以要时刻保持注意，也要时刻备着蜂蜜小食。"
        },
        {
            "type": "patchouli:text",
            "text": "气候耐受度级别分为：$(br)无 - 只能在晴朗的天气下工作$(br)下雨 - 可以在下雨时工作$(br)任意 - 可以在任何天气下工作"
        },
        {
            "type": "patchouli:text",
            "title": "行为",
            "text": "大多数蜜蜂只在白天工作，但这是可以改变的。在夜间拴住昼行蜜蜂，有机会让其变成夜行蜜蜂。$(br)白天拴住夜行蜜蜂，有机会让它变成昼夜双行蜜蜂。$(br)小心，因为它们可能会在不习惯的环境中受到伤害。"
        },
        {
            "type": "patchouli:text",
            "text": "习性级别分为：$(br)昼行 - 仅在白天工作$(br)夜行 - 仅在夜间工作$(br)昼夜双行 - 整天工作"
        },
        {
            "type": "patchouli:text",
            "title": "耐力",
            "text": "影响蜜蜂的最大生命值。$(br)高耐力的蜜蜂在攻击时有概率不失去螫针。$(br)耐力级别分为：$(br)弱$(br)正常$(br)中$(br)强"
        },
        {
            "type": "patchouli:text",
            "title": "脾气",
            "text": "蜜蜂有不同的脾气，有些会一旦对上眼就攻击，有些会完全避免进行有害的互动。喂食了大量蜂蜜小食的蜜蜂会改善它的脾气。$(br)脾气级别分为：$(br)友好$(br)正常$(br)好斗$(br)敌意"
        },
        {
            "type": "patchouli:text",
            "title": "效果",
            "text": "一些蜜蜂可以对附近的玩家施加正面和负面的效果。"
        }
    ]
}