{
    "name": "收集基因",
    "icon": "productivebees:gene",
    "category": "productivebees:genetics",
    "pages": [
        {
            "type": "patchouli:text",
            "text": "装瓶机配合活塞可用于装瓶蜜蜂。在中间放置一只蜜蜂并拉下拉杆。确保装瓶机里有空瓶子。将瓶装蜜蜂放入离心机中，就能从无用的垃圾中分离出有用的东西。"
        },
        {
            "type": "multiblock",
            "name": "蜜蜂装瓶",
            "multiblock": {
                "mapping": {
                    "P": "minecraft:piston[facing=down]",
                    "B": "productivebees:bottler[has_bottle=true]"
                },
                "pattern": [
                    [
                        "P"
                    ],
                    [
                        " "
                    ],
                    [
                        "B"
                    ],
                    [
                        "0"
                    ]
                ],
                "symmetrical": true,
                "offset": [
                    0,
                    1,
                    0
                ]
            },
            "enable_visualize": false
        }
    ]
}