{
    "name": "基因转移",
    "icon": "productivebees:gene",
    "category": "productivebees:genetics",
    "pages": [
        {
            "type": "patchouli:text",
            "text": "要将基因转移到蜜蜂身上，需要把基因与蜂蜜小食合成。将蜂蜜小食喂给蜜蜂，蜜蜂将有机会获得新的属性，概率根据基因的纯度变化而变。"
        },
        {
            "type": "patchouli:text",
            "text": "可以结合两个相同基因来增加基因纯度，也可选择放入更多同种基因。"
        }
    ]
}