{
    "name": "高级蜂箱",
    "icon": "productivebees:advanced_oak_beehive",
    "category": "productivebees:hives",
    "sortnum": 2,
    "pages": [
        {
            "type": "patchouli:spotlight",
            "item": "productivebees:advanced_oak_beehive",
            "text": "资源蜜蜂使用的高级蜂箱是在原版蜂箱上的扩展。与原版蜂箱不同，高级蜂箱不需要附近有营火即可收获，蜜蜂仍在里面时就可以采集和移动它，且无需精准采集。"
        },
        {
            "type": "patchouli:crafting",
            "recipe": "productivebees:hives/advanced_oak_beehive",
            "text": "有许多高级蜂箱可供选择，具体取决于整合包中有哪些木材。"
        },
        {
            "type": "patchouli:text",
            "text": "高级蜂箱有一个 GUI，你可以用它查看蜂箱内当前有哪些蜜蜂，并取出其生产的资源。高级蜂箱可以使用$(l:hives/expansion_boxes)扩容盒$(/l)来进一步升级。在相邻处放置$(l:hives/expansion_boxes)扩容盒$(/l)会将蜜蜂容量从 3 个增加到 5 个，并能够安装$(l:items/upgrades)升级$(/l)。"
        },
        {
            "type": "patchouli:text",
            "text": "如果你厌倦了等待蜜蜂完成工作后离开蜂箱，可以用木棍敲打（右键点击）蜂箱或蜂箱以将其驱赶出来，同时使得蜂蜜的生产进度归零。这只有在蜜蜂能够安全离开时才有效。"
        }
    ]
}