{
    "name": "龙蛋蜂箱",
    "icon": "productivebees:dragon_egg_hive",
    "category": "productivebees:hives",
    "sortnum": 4,
    "pages": [
        {
            "type": "patchouli:spotlight",
            "item": "productivebees:dragon_egg_hive",
            "text": "为末影龙蜜蜂制作的特殊蜂箱，让玩家能够收获原本难以获得的末影龙蜜脾。末影龙蜜蜂原本会生活在黑曜石蜂巢中，但也会生活在挖空的龙蛋中。你也可以说服它们搬家到一个高级蜂箱，但它们不会在那里生产任何龙息。"
        },
        {
            "type": "patchouli:crafting",
            "recipe": "productivebees:nests/dragon_egg_hive",
            "text": "你也可以用剩菜做一个填得满满当当的煎蛋卷。"
        },
        {
            "type": "patchouli:text",
            "text": "生活在龙蛋蜂箱中的末影龙蜜蜂不需要采蜜，而是直接从空气中吸收末影龙的精华。在末地之外的地方活动时，它就得有一个授粉源了。$(br2)龙蛋蜂箱不支持安装升级。"
        }
    ]
}